"name","artists","album","release_date"
"Name                                              ","Artists                                           ","Album                                             ",
"Left and Right (Feat. Jung Kook of BTS)           ","""Charlie Puth                                     ","Jung Kook                                         ",
"""Angel Pt. 2 (feat. Jimin of BTS                  "," Charlie Puth and Muni Long / FAST X Soundtrack)"" ","""JVKE                                             ",
"Attention                                         ","Charlie Puth                                      ","Voicenotes                                        ","2018-05-11"
"We Don't Talk Anymore (feat. Selena Gomez)        ","""Charlie Puth                                     ","Selena Gomez""                                     ",
"Light Switch                                      ","Charlie Puth                                      ","CHARLIE                                           ","2022-10-06"
"That’s Not How This Works (feat. Dan + Shay)      ","""Charlie Puth                                     ","Dan + Shay""                                       ",
"Cheating on You                                   ","Charlie Puth                                      ","Cheating on You                                   ","2019-10-01"
"See You Again (feat. Charlie Puth)                ","""Wiz Khalifa                                      ","Charlie Puth""                                     ",
"Dangerously                                       ","Charlie Puth                                      ","Nine Track Mind                                   ","2016-01-29"
"That's Hilarious                                  ","Charlie Puth                                      ","CHARLIE                                           ","2022-10-07"
"How Long                                          ","Charlie Puth                                      ","Voicenotes                                        ","2018-05-11"
"Is It Just Me? (feat. Charlie Puth)               ","""Sasha Alex Sloan                                 ","Charlie Puth""                                     ",
"One Call Away                                     ","Charlie Puth                                      ","Nine Track Mind                                   ","2016-01-29"
"I Don’t Think That I Like Her                     ","Charlie Puth                                      ","CHARLIE                                           ","2022-10-06"
"Done for Me (feat. Kehlani)                       ","""Charlie Puth                                     ","Kehlani""                                          ",
"Summer Feelings (feat. Charlie Puth) - From 'SCOOB","""Lennon Stella                                    ","Charlie Puth""                                     ",
"Marvin Gaye (feat. Meghan Trainor)                ","""Charlie Puth                                     ","Meghan Trainor""                                   ",
"Loser                                             ","Charlie Puth                                      ","CHARLIE                                           ","2022-10-06"
"Hard On Yourself                                  ","""Charlie Puth                                     ","blackbear""                                        ",
"The Way I Am                                      ","Charlie Puth                                      ","Voicenotes                                        ","2018-05-11"
"Obsessed (with Charlie Puth & Shenseea)           ","""Calvin Harris                                    ","Charlie Puth                                      ",
"Charlie Be Quiet!                                 ","Charlie Puth                                      ","CHARLIE                                           ","2022-10-06"
"I Hope (feat. Charlie Puth)                       ","""Gabby Barrett                                    ","Charlie Puth""                                     ",
"Patient                                           ","Charlie Puth                                      ","Voicenotes                                        ","2018-05-11"
"Girlfriend                                        ","Charlie Puth                                      ","Girlfriend                                        ","2020-06-23"
"Oops (feat. Charlie Puth)                         ","""Little Mix                                       ","Charlie Puth""                                     ",
"We Don't Talk Anymore (feat. Selena Gomez) - DROEL","""Charlie Puth                                     ","Selena Gomez                                      ",
"LA Girls                                          ","Charlie Puth                                      ","Voicenotes                                        ","2018-05-11"
"Easier – Remix (with Charlie Puth)                ","""5 Seconds of Summer                              ","Charlie Puth""                                     ",
"Angel Pt. 2 - Acoustic Version                    ","""Jimin                                            ","Fast & Furious: The Fast Saga                     ",
"I Warned Myself                                   ","Charlie Puth                                      ","I Warned Myself                                   ","2019-08-21"
"Some Type of Love                                 ","Charlie Puth                                      ","Nine Track Mind                                   ","2016-01-29"
"River                                             ","Charlie Puth                                      ","Nine Track Mind (Deluxe Edition)                  ","2016-11-11"
"After All                                         ","""Elton John                                       ","Charlie Puth""                                     ",
"Mother                                            ","Charlie Puth                                      ","Mother                                            ","2019-09-12"
"Suffer                                            ","Charlie Puth                                      ","Nine Track Mind                                   ","2016-01-29"
"Upside Down (feat. Charlie Puth)                  ","""JVKE                                             ","Charlie Puth""                                     ",
"Light Switch - Tiësto Remix                       ","""Charlie Puth                                     ","Tiësto""                                           ",
"I Won't Tell a Soul                               ","Charlie Puth                                      ","Some Type of Love                                 ","2015-05-01"
"Does It Feel                                      ","Charlie Puth                                      ","Nine Track Mind (Deluxe Edition)                  ","2016-11-11"
"Sober                                             ","""G-Eazy                                           ","Charlie Puth""                                     ",
"""Free - From Disney's """"The One And Only Ivan""""""  ","Charlie Puth                                      ","""Free (From Disney's """"The One And Only Ivan"""")""  ","2020-06-24"
"I Don't Wanna Know - Live from Spotify Studios NYC","Charlie Puth                                      ","Spotify Singles                                   ","2017-08-23"
"Nothing but Trouble - Instagram Models            ","""Lil Wayne                                        ","Charlie Puth""                                     ",
"Name                                              ","Artists                                           ","Album                                             ",
"Popular (with Playboi Carti & Madonna) - Music fro","""The Weeknd                                       ","Playboi Carti                                     ",
"Die For You - Remix                               ","""The Weeknd                                       ","Ariana Grande""                                    ",
"Double Fantasy (with Future)                      ","""The Weeknd                                       ","Future""                                           ",
"Creepin' (with The Weeknd & 21 Savage)            ","""Metro Boomin                                     ","The Weeknd                                        ",
"Save Your Tears                                   ","The Weeknd                                        ","After Hours                                       ","2020-03-20"
"Blinding Lights                                   ","The Weeknd                                        ","After Hours                                       ","2020-03-20"
"""False Idols (with Lil Baby                       "," Suzanna Son)""                                    ","""The Weeknd                                       ",
"Call Out My Name                                  ","The Weeknd                                        ","""My Dear Melancholy                               ",
"Can't Feel My Face                                ","The Weeknd                                        ","Beauty Behind The Madness                         ","2015-08-28"
"Starboy                                           ","""The Weeknd                                       ","Daft Punk""                                        ",
"The Hills                                         ","The Weeknd                                        ","Beauty Behind The Madness                         ","2015-08-28"
"Stargirl Interlude                                ","""The Weeknd                                       ","Lana Del Rey""                                     ",
"Reminder                                          ","The Weeknd                                        ","Starboy                                           ","2016-11-25"
"A Lesser Man                                      ","The Weeknd                                        ","The Idol Episode 3 (Music from the HBO Original Se","2023-06-19"
"One Right Now (with The Weeknd)                   ","""Post Malone                                      ","The Weeknd""                                       ",
"Family (with Suzanna Son)                         ","""The Weeknd                                       ","Suzanna Son""                                      ",
"I Feel It Coming                                  ","""The Weeknd                                       ","Daft Punk""                                        ",
"Love Me Harder                                    ","""Ariana Grande                                    ","The Weeknd""                                       ",
"After Hours                                       ","The Weeknd                                        ","After Hours                                       ","2020-03-20"
"In Your Eyes                                      ","The Weeknd                                        ","After Hours                                       ","2020-03-20"
"""Earned It (Fifty Shades Of Grey) - From The """"Fif","The Weeknd                                        ","""Earned It (Fifty Shades Of Grey) [From The """"Fift","2014-12-23"
"I Was Never There                                 ","""The Weeknd                                       ","Gesaffelstein""                                    ",
"Moth To A Flame (with The Weeknd)                 ","""Swedish House Mafia                              ","The Weeknd""                                       ",
"Sacrifice                                         ","The Weeknd                                        ","Dawn FM                                           ","2022-01-06"
"You Right                                         ","""Doja Cat                                         ","The Weeknd""                                       ",
"Take My Breath                                    ","The Weeknd                                        ","Dawn FM                                           ","2022-01-06"
"Die For You                                       ","The Weeknd                                        ","Starboy                                           ","2016-11-25"
"Is There Someone Else?                            ","The Weeknd                                        ","Dawn FM                                           ","2022-01-06"
"Heartless                                         ","The Weeknd                                        ","After Hours                                       ","2020-03-20"
"Out of Time                                       ","The Weeknd                                        ","Dawn FM                                           ","2022-01-06"
"Party Monster                                     ","The Weeknd                                        ","Starboy                                           ","2016-11-25"
"Lost in the Fire (feat. The Weeknd)               ","""Gesaffelstein                                    ","The Weeknd""                                       ",
"Less Than Zero                                    ","The Weeknd                                        ","Dawn FM                                           ","2022-01-06"
"Often                                             ","The Weeknd                                        ","Beauty Behind The Madness                         ","2015-08-28"
"Pray For Me                                       ","""The Weeknd                                       ","Kendrick Lamar""                                   ",
"Nothing Is Lost (You Give Me Strength)            ","The Weeknd                                        ","Avatar: The Way of Water (Original Motion Picture ","2022-12-15"
"Wicked Games - Original                           ","The Weeknd                                        ","House Of Balloons (Original)                      ","2011-03-21"
"In The Night                                      ","The Weeknd                                        ","Beauty Behind The Madness                         ","2015-08-28"
"High For This - Original                          ","The Weeknd                                        ","House Of Balloons (Original)                      ","2011-03-21"
"LA FAMA                                           ","""ROSALÍA                                          ","The Weeknd""                                       ",
"Acquainted                                        ","The Weeknd                                        ","Beauty Behind The Madness                         ","2015-08-28"
"Hurt You                                          ","""The Weeknd                                       ","Gesaffelstein""                                    ",
"Over Now (with The Weeknd)                        ","""Calvin Harris                                    ","The Weeknd""                                       ",
"The Morning - Original                            ","The Weeknd                                        ","House Of Balloons (Original)                      ","2011-03-21"
"Try Me                                            ","The Weeknd                                        ","""My Dear Melancholy                               ",
"House Of Balloons / Glass Table Girls - Original  ","The Weeknd                                        ","House Of Balloons (Original)                      ","2011-03-21"
"False Alarm                                       ","The Weeknd                                        ","Starboy                                           ","2016-11-25"
"Best Friends                                      ","The Weeknd                                        ","Dawn FM                                           ","2022-01-06"
"Power is Power (feat. The Weeknd & Travis Scott)  ","""SZA                                              ","The Weeknd                                        ",
"Sidewalks                                         ","""The Weeknd                                       ","Kendrick Lamar""                                   ",
"Hawái - Remix                                     ","""Maluma                                           ","The Weeknd""                                       ",
"Wasted Times                                      ","The Weeknd                                        ","""My Dear Melancholy                               ",
"A Lonely Night                                    ","The Weeknd                                        ","Starboy                                           ","2016-11-25"
"Name                                              ","Artists                                           ","Album                                             ",
"Dance The Night (From Barbie The Album)           ","Dua Lipa                                          ","Dance The Night (From Barbie The Album)           ","2023-05-25"
"Cold Heart - PNAU Remix                           ","""Elton John                                       ","Dua Lipa                                          ",
"Don't Start Now                                   ","Dua Lipa                                          ","Don't Start Now                                   ","2019-10-31"
"Levitating (feat. DaBaby)                         ","""Dua Lipa                                         ","DaBaby""                                           ",
"New Rules                                         ","Dua Lipa                                          ","Dua Lipa (Deluxe)                                 ","2017-06-02"
"Potion (with Dua Lipa & Young Thug)               ","""Calvin Harris                                    ","Dua Lipa                                          ",
"Sweetest Pie                                      ","""Megan Thee Stallion                              ","Dua Lipa""                                         ",
"One Kiss (with Dua Lipa)                          ","""Calvin Harris                                    ","Dua Lipa""                                         ",
"Electricity (with Dua Lipa)                       ","""Silk City                                        ","Dua Lipa                                          ",
"No Lie                                            ","""Sean Paul                                        ","Dua Lipa""                                         ",
"Be the One                                        ","Dua Lipa                                          ","Dua Lipa (Deluxe)                                 ","2017-06-02"
"Hotter Than Hell                                  ","Dua Lipa                                          ","Dua Lipa (Deluxe)                                 ","2017-06-02"
"Break My Heart                                    ","Dua Lipa                                          ","Future Nostalgia                                  ","2020-03-27"
"Pretty Please                                     ","Dua Lipa                                          ","Future Nostalgia                                  ","2020-03-27"
"Fever - Feder Remix                               ","""Dua Lipa                                         ","Angèle                                            ",
"Hallucinate                                       ","Dua Lipa                                          ","Future Nostalgia                                  ","2020-03-27"
"Don't Start Now - Purple Disco Machine Remix      ","""Dua Lipa                                         ","Purple Disco Machine""                             ",
"Physical (feat. Gwen Stefani) [Mark Ronson Remix] ","""Dua Lipa                                         ","The Blessed Madonna                               ",
"Break My Heart / Cosmic Girl (Dimitri From Paris E","""Dua Lipa                                         ","The Blessed Madonna                               ",
"Future Nostalgia (Joe Goddard Remix) [Mixed]      ","""Dua Lipa                                         ","The Blessed Madonna                               ",
"Cool                                              ","Dua Lipa                                          ","Future Nostalgia                                  ","2020-03-27"
"Physical                                          ","Dua Lipa                                          ","Future Nostalgia                                  ","2020-03-27"
"Un Día (One Day)                                  ","""J Balvin                                         ","Dua Lipa                                          ",
"IDGAF                                             ","Dua Lipa                                          ","Dua Lipa (Deluxe)                                 ","2017-06-02"
"Blow Your Mind (Mwah)                             ","Dua Lipa                                          ","Blow Your Mind (Mwah)                             ","2016-08-26"
"One Kiss (with Dua Lipa) - Oliver Heldens Remix   ","""Calvin Harris                                    ","Dua Lipa                                          ",
"Prisoner (feat. Dua Lipa)                         ","""Miley Cyrus                                      ","Dua Lipa""                                         ",
"Boys Will Be Boys (Zach Witness Remix) [Mixed]    ","""Dua Lipa                                         ","The Blessed Madonna                               ",
"Fever                                             ","""Dua Lipa                                         ","Angèle""                                           ",
"Future Nostalgia                                  ","Dua Lipa                                          ","Future Nostalgia                                  ","2020-03-27"
"We're Good                                        ","Dua Lipa                                          ","Future Nostalgia (The Moonlight Edition)          ","2021-02-11"
"Scared to Be Lonely - Acoustic Version            ","""Martin Garrix                                    ","Dua Lipa""                                         ",
"If It Ain’t Me                                    ","Dua Lipa                                          ","Future Nostalgia (The Moonlight Edition)          ","2021-02-11"
"That Kind Of Woman                                ","Dua Lipa                                          ","Future Nostalgia (The Moonlight Edition)          ","2021-02-11"
"Levitating                                        ","Dua Lipa                                          ","Future Nostalgia                                  ","2020-03-27"
"Love Again                                        ","Dua Lipa                                          ","Future Nostalgia (The Moonlight Edition)          ","2021-02-11"
"Break My Heart - Moon Boots Remix                 ","""Dua Lipa                                         ","Moon Boots""                                       ",
"Love Again (Horse Meat Disco Remix)               ","""Dua Lipa                                         ","Horse Meat Disco""                                 ",
"SUGAR (Remix) [feat. Dua Lipa]                    ","""BROCKHAMPTON                                     ","Dua Lipa""                                         ",
"We're Good - Dillon Francis Remix                 ","""Dua Lipa                                         ","Dillon Francis""                                   ",
"New Rules - SG Lewis Remix                        ","""Dua Lipa                                         ","SG Lewis""                                         ",
"Kiss and Make Up                                  ","""Dua Lipa                                         ","BLACKPINK""                                        ",
"Electricity (feat. Dua Lipa) - MK Remix           ","""Silk City                                        ","Dua Lipa                                          ",
"""Swan Song (From the Motion Picture """"Alita: Battl","""Dua Lipa                                         ","aboutagirl""                                       ",
"Scared to Be Lonely                               ","""Martin Garrix                                    ","Dua Lipa""                                         ",
"IDGAF - Initial Talk Remix                        ","""Dua Lipa                                         ","Initial Talk""                                     ",
"Don't Start Now - Live in LA Remix                ","Dua Lipa                                          ","Don't Start Now (Live in LA Remix)                ","2020-01-28"
"Hallucinate - Paul Woolford Remix                 ","""Dua Lipa                                         ","Paul Woolford""                                    ",
"Boys Will Be Boys                                 ","Dua Lipa                                          ","Future Nostalgia (The Moonlight Edition)          ","2021-02-11"
"Good In Bed                                       ","Dua Lipa                                          ","Future Nostalgia                                  ","2020-03-27"
"Begging                                           ","Dua Lipa                                          ","Dua Lipa (Complete Edition)                       ","2018-10-19"
"Kiss and Make Up (Remix) [Mixed]                  ","""Dua Lipa                                         ","The Blessed Madonna                               ",
"""Thinking 'Bout You - Live from Spotify           "," London""                                          ","Dua Lipa                                          ",
"Lost In Your Light (feat. Miguel)                 ","""Dua Lipa                                         ","Miguel""                                           ",
"Physical - Ofenbach Remix                         ","""Dua Lipa                                         ","Ofenbach""                                         ",
"Love Is Religion (The Blessed Madonna Remix) [Mixe","""Dua Lipa                                         ","The Blessed Madonna""                              ",
"Pretty Please (Masters at Work Remix)             ","""Dua Lipa                                         ","Masters At Work""                                  ",
"Demeanor (feat. Dua Lipa)                         ","""Pop Smoke                                        ","Dua Lipa""                                         ",
"Blow Your Mind (Mwah) - Night Moves Remix         ","""Dua Lipa                                         ","Night Moves""                                      ",
"Don't Start Now (Zach Witness Remix) [Malibu Merma","""Dua Lipa                                         ","Zach Witness""                                     ",
"Love Again - Imanbek Remix                        ","""Dua Lipa                                         ","Imanbek""                                          ",
"Good In Bed (Zach Witness & Gen Hoshino Remixes) [","""Dua Lipa                                         ","The Blessed Madonna                               ",
"Cold Heart - PS1 Remix                            ","""Elton John                                       ","Dua Lipa                                          ",
"Name                                              ","Artists                                           ","Album                                             ",
"Naatu Naatu                                       ","""Rahul Sipligunj                                  ","Kala Bhairava""                                    ",
"""Chamkeela Angeelesi (From """"Dasara"""")""           ","""Ram Miriyala                                     ","Dhee                                              ",
"Pillaa Raa                                        ","Anurag Kulkarni                                   ","Rx 100 (Original Motion Picture Soundtrack)       ","2018-01-01"
"""Gundellonaa (From """"Ori Devuda"""")""               ","""Anirudh Ravichander                              ","Leon James                                        ",
"Buttabomma                                        ","Armaan Malik                                      ","Ala Vaikunthapurramuloo                           ","2020-01-06"
"Oo Antava Oo Oo Antava                            ","Indravathi Chauhan                                ","Pushpa - The Rise                                 ","2021-12-10"
"Mastaaru Mastaaru                                 ","""G. V. Prakash                                    ","Shweta Mohan""                                     ",
"Pulsar Bike                                       ","Bheems Ceciroleo                                  ","Dhamaka (Original Motion Picture Soundtrack)      ","2023-01-07"
"""Kalaavathi (From """"Sarkaru Vaari Paata"""")""       ","""Sid Sriram                                       ","Thaman S""                                         ",
"Jinthaak Chithaka                                 ","""Bheems Ceciroleo                                 ","Mangli""                                           ",
"Tillu Anna DJ Pedithe                             ","Ram Miriyala                                      ","DJ Tillu                                          ","2022-01-06"
"Hoyna Hoyna                                       ","""Anirudh Ravichander                              ","Inno Genga""                                       ",
"Boss Party                                        ","""Devi Sri Prasad                                  ","Nakash Aziz                                       ",
"Life Of Ram                                       ","Pradeep Kumar                                     ","Jaanu                                             ","2020-01-21"
"Choosi Chudangane                                 ","""Anurag Kulkarni                                  ","Mahati Swara Sagar""                               ",
"Srivalli                                          ","""Devi Sri Prasad                                  ","Sid Sriram""                                       ",
"""Almost Padipoyindhe Pilla (From """"Das Ka Dhamki""""","""Leon James                                       ","Adithya RK                                        ",
"Emo Emo                                           ","Sid Sriram                                        ","Raahu (Original Motion Picture Soundtrack)        ","2020-02-18"
"Maate Vinadhuga                                   ","Sid Sriram                                        ","Taxiwaala                                         ","2018-10-26"
"Enno Ratrulosthayi Remix Song                     ","""S.P. Charan                                      ","Sameera Bharadwaj""                                ",
"Chitti                                            ","Ram Miriyala                                      ","Jathi Ratnalu                                     ","2021-03-07"
"""Naa Madhi (From """"Thiru"""")""                      ","""Dhanunjay Seepana                                ","Srinivasa Mouli                                   ",
"Ramuloo Ramulaa                                   ","""Anurag Kulkarni                                  ","Mangli""                                           ",
"Idhe Kadha Nee Katha                              ","Vijay Prakash                                     ","Maharshi                                          ","2019-05-04"
"Dosti                                             ","Hemachandra Vedala                                ","RRR                                               ","2022-04-16"
"""Inthandham (From """"Sita Ramam (Telugu)"""")""       ","""Vishal Chandrashekhar                            ","S.P. Charan""                                      ",
"Kanula Chatu Meghama                              ","""Kalyani Malik                                    ","Aabhas Joshi                                      ",
"Prema Vennela                                     ","Sudharshan Ashok                                  ","Chitralahari (Original Motion Picture Soundtrack) ","2019-04-08"
"Vagalaadi                                         ","""Vivek Sagar                                      ","Balaji Dake                                       ",
"Asha Pasham                                       ","Anurag Kulkarni                                   ","Care Of Kancharapalem                             ","2018-08-20"
"Arerey Manasa                                     ","Sid Sriram                                        ","Falaknuma Das (Original Motion Picture Soundtrack)","2019-05-27"
"Yentha Sakkagunnave                               ","Devi Sri Prasad                                   ","Rangasthalam                                      ","2018-03-15"
"""Kaanunna Kalyanam (From """"Sita Ramam (Telugu)"""")""","""Vishal Chandrashekhar                            ","Anurag Kulkarni                                   ",
"""Sirivennela (From """"Shyam Singha Roy"""")""         ","""Anurag Kulkarni                                  ","Mickey J. Meyer""                                  ",
"""O Rendu Prema Meghaalila (First Love Song) [From ","""Vijai Bulganin                                   ","Sreerama Chandra""                                 ",
"""Massu Maranam - From """"Petta (Telugu)""""""         ","""Anirudh Ravichander                              ","Mano""                                             ",
"Ninnila                                           ","""Armaan Malik                                     ","Thaman S""                                         ",
"Urike Urike                                       ","""Sid Sriram                                       ","Ramya Behara                                      ",
"Manasu Maree                                      ","""Amit Trivedi                                     "," Shashaa Tirupati                                 ",
"Nee Kannu Neeli Samudram                          ","Javed Ali                                         ","Uppena                                            ","2020-03-02"
"Yedurangula Vaana                                 ","Sid Sriram                                        ","18 Pages                                          ","2022-12-16"
"Inkem Inkem Inkem Kaavaale                        ","Sid Sriram                                        ","Geetha Govindam                                   ",
"Jai Balayya                                       ","""Geetha Madhuri                                   ","Sahithi Chaganti                                  ",
"Saami Saami                                       ","Mounika Yadav                                     ","Pushpa - The Rise                                 ","2021-10-28"
"Bullet Song                                       ","""Devi Sri Prasad                                  ","Silambarasan TR                                   ",
"Nee Chitram Choosi                                ","Anurag Kulkarni                                   ","Love Story                                        ","2021-02-14"
"Maguva Maguva                                     ","Sid Sriram                                        ","Vakeel Saab                                       ","2020-03-08"
"""Ma Ma Mahesha (From """"Sarkaru Vaari Paata"""")""    ","""Sri Krishna                                      ","Jonita Gandhi                                     ",
"Gaali Vaaluga                                     ","Anirudh Ravichander                               ","Agnyaathavaasi                                    ","2017-11-07"
"Samajavaragamana                                  ","Sid Sriram                                        ","Ala Vaikunthapurramuloo                           ","2020-01-06"
"Ee Raathale                                       ","""Yuvan Shankar Raja                               ","Harini Ivaturi""                                   ",
"Laahe Laahe                                       ","""Mani Sharma                                      ","Harika Narayan                                    ",
"Bheemla Nayak Title Song                          ","""Thaman S                                         ","Sri Krishna                                       ",
"Ninnele                                           ","""Anurag Kulkarni                                  ","Shreya Ghoshal""                                   ",
"Oo Aadapilla                                      ","""Jay Krish                                        ","Ram Miriyala                                      ",
"Leharaayi                                         ","Sid Sriram                                        ","Most Eligible Bachelor                            ","2020-03-02"
"Saranga Dariya                                    ","Mangli                                            ","Love Story                                        ","2021-02-28"
"Bhale Bhale Banjara                               ","""Mani Sharma                                      ","Shankar Mahadevan                                 ",
"Naa Kanulu Yepudu                                 ","Sid Sriram                                        ","Rang De                                           ","2020-11-12"
"Priyathama Priyathama                             ","Chinmayi                                          ","Majili                                            ","2019-03-11"
"Jala Jala Jalapaatham Nuvvu                       ","""Jaspreet Jasz                                    "," Shreya Ghoshal""                                  ",
"Hey Idi Nenena                                    ","""Thaman S                                         ","Sid Sriram""                                       ",
"Nuvvu Naatho Emannavo                             ","S. P. Balasubrahmanyam                            ","Disco Raja (Original Motion Picture Soundtrack)   ","2019-10-19"
"Tharagathi Gadhi                                  ","Kala Bhairava                                     ","Colour Photo                                      ","2020-08-27"
"Singles Anthem - Telugu                           ","""Anurag Kulkarni                                  ","Mahati Swara Sagar""                               ",
"Bullet                                            ","Mangli                                            ","George Reddy (Original Motion Picture Soundtrack) ","2019-11-22"
"Kadalalle                                         ","""Sid Sriram                                       ","Aishwarya Ravichandran""                           ",
"""Psycho Saiyaan (From """"Saaho"""")""                 ","""Anirudh Ravichander                              ","Dhvani Bhanushali                                 ",
"He’S Soo Cute                                     ","Madhu Priya                                       ","Sarileru Neekevvaru                               ","2020-01-06"
"Emai Poyave                                       ","Sid Sriram                                        ","Padi Padi Leche Manasu                            ","2018-12-10"
"Nee Neeli Kannullona                              ","Gowtham Bharadwaj                                 ","Dear Comrade                                      ","2019-07-23"
"Guruvaram                                         ","Vijay Prakash                                     ","Kirrak Party                                      ","2018-03-10"
"Mandaara                                          ","Shreya Ghoshal                                    ","Bhaagamathie                                      ","2018-01-01"
"Baitikochi Chuste                                 ","Anirudh Ravichander                               ","Agnyaathavaasi                                    ","2017-11-07"
"Undiporaadhey                                     ","Sid Sriram                                        ","Hushaaru                                          ","2018-10-01"
"Name                                              ","Artists                                           ","Album                                             ",
"""My Dear Markandeya (From """"BRO"""")""               ","""L. V. Revanth                                    ","Snigdha Sharma""                                   ",
"""Aradhya (From """"Kushi"""") (Telugu)""               ","""Hesham Abdul Wahab                               ","Chinmayi""                                         ",
"Jam Jam Jajjanaka                                 ","""Mahati Swara Sagar                               ","Anurag Kulkarni                                   ",
"""Jaanavule (From """"BRO"""")""                        ","""Thaman S                                         ","K. Pranati""                                       ",
"""Solluda Siva (From """"Bedurulanka 2012"""")""        ","""Mani Sharma                                      ","Anurag Kulkarni                                   ",
"""O Rendu Prema Meghaalila (First Love Song) [From ","""Vijai Bulganin                                   ","Sreerama Chandra""                                 ",
"Priya Mithunam (Telugu)                           ","""Ajay-Atul                                        ","Karthik                                           ",
"Sarkaaru Noukari Promotional Song                 ","""Sunitha Upadrasta                                ","Harika Narayan                                    ",
"""Sammohanuda (From """"Rules Ranjann"""")""            ","""Shreya Ghoshal                                   ","Amrish""                                           ",
"""Aakasam Adhire (From """"Ustaad"""")""                ","""Akeeva B                                         ","Kala Bhairava                                     ",
"""Too Close To Fire (From """"Her Chapter 1"""")""      ","""Akanksha Bisht                                   ","Pavan""                                            ",
"Jawan Prevue Theme                                ","""Anirudh Ravichander                              ","Raja Kumari""                                      ",
"""Chukkalonchi (From """"Ustaad"""")""                  ","""Akeeva B                                         ","Karthik""                                          ",
"What To Do                                        ","""Gopi Sundar                                      ","Jassie Gift                                       ",
"Lady Luck                                         ","""Radhan                                           ","Karthik                                           ",
"Hathavidi                                         ","""Dhanush                                          ","Radhan                                            ",
"""Raa Veera (From """"Mahaveerudu"""")""                ","""Gowtham Bharadwaj                                ","Pavithra Chari                                    ",
"Simantha Subhavela                                ","""Sabu Varghese                                    ","Aditi Bhavaraju                                   ",
"""Rajampeta Ranini (From """"Natho Nenu"""")""          ","Geetha Madhuri                                    ","""Rajampeta Ranini (From """"Natho Nenu"""") [Original ","2023-07-13"
"""Nee Kanulalo (From """"Asuragana Rudra"""")""         ","""Siddharth Menon                                  ","Shekar Chandra                                    ",
"Ghost Big Daddy Bgm (TELUGU)                      ","Shivarajkumar                                     ","Ghost Big Daddy Bgm (TELUGU)                      ","2023-07-13"
"""Hidimbha Theme Music (From """"Hidimbha"""")""        ","Vikas Badisa                                      ","""Hidimbha Theme Music (From """"Hidimbha"""")""        ","2023-07-17"
"Yemo Yemaindho                                    ","Nandakishore                                      ","Yemo Yemaindho                                    ","2023-07-15"
"""Adharadha - From """"Mark Antony""""""                ","""G. V. Prakash                                    ","Vishal                                            ",
"""Bhagavanth Kesari Teaser (From """"Bhagavanth Kesar","""Nandamuri Balakrishna                            ","SS Thaman""                                        ",
"Veeruda                                           ","""A.R. Rahman                                      ","A. R. Ameen""                                      ",
"""Harom Hara (From """"Sakshi"""")""                    ","""Maruthi Kodimoju                                 ","Naresh Mamindla                                   ",
"Edhi Em Bathuku                                   ","""Pandu Ranga                                      ","Ravi Raj                                          ",
"Chanti Pillala                                    ","""Vijai Bulganin                                   ","Anudeep Dev""                                      ",
"Pranama Pranama                                   ","""A.R. Rahman                                      ","Vijay Yesudas                                     ",
"""Lalana (From """"LGM (Telugu)"""")""                  ","""Ramesh Thamilmani                                ","Hemachandra Vedala""                               ",
"Holare Hola                                       ","""Gopi Sundar                                      ","J.V. Sudhanshu                                    ",
"""Na Roja Nuvve (From """"Kushi"""")""                  ","""Hesham Abdul Wahab                               ","Shiva Nirvana""                                    ",
"Bholaa Mania                                      ","""Mahati Swara Sagar                               ","L. V. Revanth                                     ",
"Hrudayam Odipoyelaa                               ","""Kala Bhairava                                    ","Sai Sindhuja                                      ",
"""Skanda Teaser Theme (From """"Skanda"""")""           ","Thaman S                                          ","""Skanda Teaser Theme (From """"Skanda"""")""           ","2023-07-10"
"""Dheere Dheere (From """"Her Chapter 1"""")""          ","""Akanksha Bisht                                   ","Pavan                                             ",
"""Evar Nuvvu - From """"Hatya""""""                     ","""Girishh G                                        ","M.S Krsna                                         ",
"""Riba Pappa (From """"Baby"""")""                      ","""Vijai Bulganin                                   ","Sri Krishna""                                      ",
"Rela Rela                                         ","""Charan Arjun                                     ","Mangli""                                           ",
"""Ram Sita Ram (From """"Adipurush"""") [Telugu]""      ","""Sachet-Parampara                                 ","Karthik                                           ",
"Korukunna Swase                                   ","""Sid Sriram                                       ","Manisha Maganti""                                  ",
"""Mana Orilo Evadra Apedhi (From """"Rangabali"""")""   ","""Anurag Kulkarni                                  ","Pawan CH                                          ",
"""Paravasame Paravasame (From """"Narayana & Co"""")""  ","""Anurag Kulkarni                                  ","K. Pranati                                        ",
"""Kala Kantu Unte (From """"'Rangabali"""")""           ","""Sarthak Kalyani                                  ","Vaish                                             ",
"Bangarulokam                                      ","""Sahithi Chaganti                                 ","Balaji""                                           ",
"""Kalallo (From """"Virupaksha"""")""                   ","""B. Ajaneesh Loknath                              ","Anurag Kulkarni                                   ",
"Raa Silaka                                        ","""Kalyani Malik                                    ","Deepu                                             ",
"""Jhoom Jhoom (From """"Spy"""")""                      ","""Anurag Kulkarni                                  ","Ramya Behara                                      ",
"BRO Slokam                                        ","Thaman S                                          ","BRO                                               ","2023-05-25"
"""Thaagudhaam Thaagi Ugudhaam (From """"Bootcut Balar","""Bheems Ceciroleo                                 ","Rahul Sipligunj""                                  ",
"Kalaya Nijama                                     ","""Mohith Rahmanic                                  ","K. S. Chithra                                     ",
"Nijame Ne Chebutunna                              ","""Sid Sriram                                       ","Shekar Chandra""                                   ",
"Intinti Ramayanam                                 ","""Madeen SK                                        ","Mangli                                            ",
"""Ipudey Parichayame (From """"Manu Charitra"""")""     ","""Armaan Malik                                     ","Gopi Sundar""                                      ",
"""Oopirey - From """"Takkar""""""                       ","""Nivas K Prasanna                                 ","Abhay Jodhpurkar                                  ",
"""Nachesave Pilla Nachesave (From """"Mechanic"""")""   ","""Sid Sriram                                       ","Vinod Yajamanya""                                  ",
"""Jai Shri Ram (From """"Adipurush"""") [TELUGU]""      ","""Ajay-Atul                                        ","Manoj Muntashir                                   ",
"Malle Raja                                        ","Mohana Bhogaraju                                  ","Malle Raja                                        ","2023-05-31"
"""Naalo Nene Lenu (From """"Rules Ranjann"""")""        ","""Sarath Santosh                                   ","Amrish""                                           ",
"""Ager Bomb (From """"Men Too"""")""                    ","""Osho Venkat                                      ","Naresh Mamindla                                   ",
"Vellake                                           ","""Bharatt-Saurabh                                  ","Yazin Nizar                                       ",
"""Nachavule Nachavule (From """"Virupaksha"""")""       ","""B. Ajaneesh Loknath                              ","Karthik""                                          ",
"""Ringa Ringa Rosey (From """"Atharva"""")""            ","""Javed Ali                                        ","Sricharan Pakala""                                 ",
"""Wild Saala (From """"Agent"""")""                     ","""Sravana Bhargavi                                 ","Bheems Ceciroleo                                  ",
"""Raju Naa Balaraju (From """"Bootcut Balaraju"""")""   ","""Bheems Ceciroleo                                 ","Swathi Reddy""                                     ",
"Jai Shri Ram (TELUGU)                             ","""Ajay-Atul                                        ","Ramajogayya Sastry""                               ",
"""Hey Athirike Usko Ra - From """"Rudhrudu""""""        ","""ofRO                                             ","Rakendu Mouli                                     ",
"""iPhone Song (From """"Ramabanam"""")""                ","""Mickey J. Meyer                                  ","Ram Miriyala                                      ",
"Ragile Jwaale                                     ","B. Ajaneesh Loknath                               ","Virupaksha (Original Motion Picture Soundtrack)   ","2023-04-22"
"""Rama Krishna (From """"Agent"""")""                   ","""Ram Miriyala                                     ","Hiphop Tamizha""                                   ",
"""Vesavi Kalam (From """"Kalyanamastu """")""           ","""Yazin Nizar                                      ","Aditi Bhavaraju""                                  ",
"Ayyayyo                                           ","""The Fantasia Men                                 ","Suresh Banisetti""                                 ",
"""Celebration of Vennela (From """"Dasara"""")""        ","Santhosh Narayanan                                ","""Celebration of Vennela (From """"Dasara"""") - Single","2023-04-11"
"Vinave Pilla                                      ","""Kamran                                           ","Junaid Kumar                                      ",
"""Chelli Vinave (From """"Bichagadu 2"""")""            ","""Vijay Antony                                     ","Anurag Kulkarni                                   ",
"""Oh Ammalaalo Ammalaalo (From """"Dasara"""")""        ","""Anurag Kulkarni                                  ","Santhosh Narayanan                                ",
